Date,High,Low,Open,Close,Volume,Adj Close,Return,Change,Volatility,MA7,MA21,Momentum,RSI,MACD,Signal,Upper_Band,Lower_Band
2010-07-28,4.179999828338623,4.102000236511231,4.110000133514404,4.144000053405762,2336000.0,4.144000053405762,0.008,0.03399991989135742,0.39596711769690535,4.14371429170881,3.9823809351239885,1.2579998970031738,39.20906848522039,-0.07012141293912766,-0.13163545594093617,4.880764849079374,3.083997021168603
2010-07-29,4.176000118255615,4.0,4.15399980545044,4.070000171661377,3080000.0,4.070000171661377,-0.02,-0.07399988174438477,0.38166535799106943,4.145142895834787,3.948666663396926,1.190000057220459,39.20906847132704,-0.0675198171971596,-0.11881232819218088,4.771620637595887,3.125712689197966
2010-07-30,4.0879998207092285,3.910000085830689,4.039999961853027,3.98799991607666,2134500.0,3.98799991607666,-0.013,-0.0820002555847168,0.36791339169407533,4.137142862592425,3.9116190501621793,1.1100001335144043,39.20906847014279,-0.07125340425853377,-0.10930054340545145,4.645234322365487,3.1780037779588715
2010-08-02,4.193999767303467,4.065999984741211,4.099999904632568,4.184000015258789,3590500.0,4.184000015258789,0.02,0.1960000991821289,0.3578715108917053,4.134857177734375,3.9017142795381092,1.1440000534057617,39.20906847048038,-0.057731239152391645,-0.0989866825548395,4.6133774001991785,3.1900511588770404
2010-08-03,4.389999866485596,4.164000034332275,4.199999809265137,4.389999866485596,6152500.0,4.389999866485596,0.045,0.20599985122680664,0.3582277877098294,4.153714316231864,3.9279047534579323,1.070000171661377,39.20906847050768,-0.030046007827179366,-0.08519854760930748,4.669865854684404,3.185943652231461
2010-08-04,4.435999870300293,4.170000076293945,4.389999866485596,4.251999855041504,4565000.0,4.251999855041504,-0.031,-0.1380000114440918,0.35014579396708484,4.162571430206299,3.9769523711431596,0.9879999160766602,39.20906847050677,-0.019021442797814814,-0.07196312664700895,4.656474009283967,3.2974307330023525
2010-08-05,4.309999942779541,4.010000228881836,4.308000087738037,4.090000152587891,3981000.0,4.090000152587891,-0.051,-0.16199970245361328,0.3387159186405023,4.15971429007394,4.021238088607788,1.184000015258789,39.209068470506686,-0.02309024768224255,-0.06218855085405567,4.589204870686043,3.453271306529533
2010-08-06,4.0320000648498535,3.9040000438690186,4.019999980926514,3.9179999828338623,3709500.0,3.9179999828338623,-0.025,-0.17200016975402832,0.3296169120998258,4.127428565706525,4.041523797171457,1.3899998664855957,39.20906847050668,-0.03973573231358607,-0.05769798714596175,4.558216138779371,3.524831455563542
2010-08-09,3.996000051498413,3.890000104904175,3.9800000190734863,3.920000076293945,4063500.0,3.920000076293945,-0.015,0.0020000934600825637,0.3207488071502986,4.105999980654035,4.062476180848622,1.251999855041504,39.20906847050668,-0.05216468595313817,-0.05659132690739704,4.515266395126932,3.6096859665703116
2010-08-10,3.930000066757202,3.763999938964844,3.930000066757202,3.805999994277954,6406500.0,3.805999994277954,-0.032,-0.11400008201599077,0.3159991810009728,4.079999991825649,4.08133331934611,1.0900001525878906,39.20906847050668,-0.07040202442468235,-0.0593534664108541,4.444012914945419,3.7186537237468023
2010-08-11,3.776000022888184,3.569999933242798,3.73799991607666,3.5799999237060547,3988000.0,3.5799999237060547,-0.042,-0.22600007057189941,0.32478972982571513,3.9937142644609724,4.079047600428264,0.9179999828338623,39.20906847050668,-0.10191673085769981,-0.06786611930022325,4.454120080028471,3.7039751208280567
2010-08-12,3.5799999237060547,3.4779999256134038,3.559999942779541,3.5199999809265137,3455000.0,3.5199999809265137,-0.011,-0.059999942779541016,0.3353951368854595,3.8694285665239607,4.057714269274757,0.9200000762939449,39.20906847050668,-0.13023261616674908,-0.08033941867352842,4.503593658862094,3.61183487968742
2010-08-13,3.690000057220459,3.532000064849853,3.635999917984009,3.6640000343322754,3170000.0,3.6640000343322754,0.008,0.14400005340576172,0.3336002654618093,3.785428592136928,4.042761893499465,0.8059999942779541,39.20906847050668,-0.13944611046862931,-0.09216075703254861,4.519837071671004,3.565686715327926
2010-08-16,3.759999990463257,3.651999950408936,3.690000057220459,3.75600004196167,2429000.0,3.75600004196167,0.018,0.09200000762939453,0.3271946163323722,3.7377142906188965,4.025047620137532,0.5799999237060547,39.20906847050668,-0.1377364987236711,-0.1012759053707731,4.5162463141111555,3.5338489261639094
2010-08-17,3.880000114440918,3.75600004196167,3.7920000553131104,3.829999923706055,2239500.0,3.829999923706055,0.01,0.07399988174438521,0.3188165637335382,3.725142853600638,3.9987619036719915,0.5199999809265137,39.20906847050668,-0.12892428814361123,-0.10680558192534075,4.468336113418462,3.5291876939255213
2010-08-18,3.9179999828338623,3.7200000286102295,3.9179999828338623,3.753999948501587,3006500.0,3.753999948501587,-0.042,-0.07599997520446822,0.31261802370142544,3.701428549630301,3.9841904753730413,0.6640000343322754,39.20906847050668,-0.1266135879830248,-0.11076718313687756,4.464648413716058,3.5037325370300247
2010-08-19,3.849999904632568,3.6659998893737793,3.7079999446868896,3.757999897003174,2895500.0,3.757999897003174,0.013,0.003999948501586914,0.3062803747597691,3.694571392876761,3.9705714157649448,0.7560000419616699,39.20906847050668,-0.12304123626183427,-0.1132219937618689,4.46003828467813,3.4811045468517596
2010-08-20,3.822000026702881,3.70199990272522,3.7300000190734863,3.819999933242798,1480000.0,3.819999933242798,0.024,0.06200003623962402,0.29853849345345657,3.7288571085248674,3.952476183573405,0.8299999237060551,39.20906847050668,-0.11389433403082538,-0.1133564618156602,4.434357346607164,3.4705950205396454
2010-08-23,4.078000068664551,3.799999952316284,3.818000078201294,4.026000022888184,5440500.0,4.026000022888184,0.054,0.20600008964538574,0.29142207068369774,3.801142828805106,3.9414285705203103,0.7539999485015869,39.20906847050668,-0.08899696092620557,-0.10848456163776928,4.4041477611912665,3.478709379849354
2010-08-24,3.941999912261963,3.7899999618530273,3.849999904632568,3.839999914169312,3365500.0,3.839999914169312,-0.003,-0.18600010871887163,0.28396924021866116,3.826285668781826,3.924761897041684,0.7579998970031738,39.20906847050668,-0.08331387715598693,-0.10345042474141282,4.374920068644303,3.4746037254390654
2010-08-25,3.996000051498413,3.711999893188477,3.8320000171661377,3.9800000190734863,2516500.0,3.9800000190734863,0.039,0.14000010490417436,0.27662939039918516,3.8582856655120854,3.9185714154016402,0.8199999332427979,39.20906847050668,-0.06674377321652525,-0.09610909443643531,4.36154888206456,3.4755939487387204
2010-08-26,4.053999900817871,3.920000076293945,3.9779999256134033,3.950000047683716,2169000.0,3.950000047683716,-0.007,-0.029999971389770508,0.2692450523993885,3.8754285403660367,3.9093333198910667,1.0260000228881836,39.20906847050668,-0.055394045360956934,-0.08796608462133965,4.340499802208119,3.478166837574014
2010-08-27,3.973999977111816,3.900000095367432,3.950000047683716,3.940000057220459,1898000.0,3.940000057220459,-0.003,-0.009999990463256836,0.2620598762988743,3.9019999844687328,3.903142838251023,0.839999914169312,39.20906847050668,-0.046668257301828664,-0.07970651915743746,4.328312104677303,3.4779735718247435
2010-08-30,4.038000106811523,3.921999931335449,3.940000057220459,3.973999977111816,3664000.0,3.973999977111816,0.009,0.03399991989135698,0.25536512918933085,3.9328571387699673,3.9024761744907925,0.9800000190734863,39.20906847050668,-0.03658773735189813,-0.0710827627963296,4.327130199029777,3.477822149951808
2010-08-31,3.9579999446868896,3.865999937057495,3.931999921798706,3.8959999084472656,1005500.0,3.8959999084472656,-0.009,-0.07800006866455034,0.2486873793604212,3.943714278084891,3.888761883690244,0.9500000476837158,39.20906847050668,-0.034495167514202674,-0.0637652437399042,4.293358412264447,3.4841653551160405
2010-09-01,4.138000011444092,3.920000076293945,3.924000024795532,4.090000152587891,2474500.0,4.090000152587891,0.042,0.194000244140625,0.24507535972515768,3.9528571537562778,3.874476183028448,0.940000057220459,39.20906847050668,-0.016986779447648814,-0.05440955088145313,4.221884695886806,3.5270676701700894
2010-09-02,4.248000144958496,4.061999797821045,4.073999881744385,4.211999893188477,2435500.0,4.211999893188477,0.034,0.12199974060058594,0.24684399991635592,4.006000007901873,3.872571422940209,0.973999977111816,39.20906847050668,0.006656373181722408,-0.04219636606881802,4.211624609237398,3.53351823664302
2010-09-03,4.260000228881836,4.131999969482422,4.173999786376953,4.210000038146973,2173000.0,4.210000038146973,0.009,-0.0019998550415039062,0.2476027967880691,4.038857153483799,3.878285703204927,0.8959999084472656,39.20906847050668,0.024944822011317758,-0.028768128452790868,4.236247271141407,3.520324135268448
2010-09-07,4.199999809265137,4.099999904632568,4.122000217437744,4.107999801635742,1217000.0,4.107999801635742,-0.003,-0.10200023651123047,0.243500643079274,4.061428546905518,3.887333313624064,1.0900001525878906,39.20906847050668,0.030852336306984363,-0.016844035500835824,4.258858472736855,3.5158081545112725
2010-09-08,4.190000057220459,4.119999885559082,4.131999969482422,4.179999828338623,1442000.0,4.179999828338623,0.012,0.07200002670288086,0.24195921688478167,4.095714228493827,3.89971425419762,1.2119998931884766,39.20906847050668,0.040872728995762664,-0.005300682601516128,4.292530305102254,3.506898203292987
2010-09-09,4.210000038146973,4.138000011444092,4.199999809265137,4.142000198364258,1881000.0,4.142000198364258,-0.014,-0.037999629974365234,0.2386042836289876,4.119714260101318,3.9157142639160156,1.2100000381469727,39.20906847050668,0.04522636840929195,0.004804727600645488,4.319710887401714,3.511717640430318
2010-09-10,4.185999870300293,3.95199990272522,4.150000095367432,4.033999919891357,1933000.0,4.033999919891357,-0.028,-0.10800027847290039,0.23279765137183572,4.139428547450474,3.937333311353411,1.1079998016357422,39.20906847050668,0.03950653242023794,0.01174508856456398,4.313508453985675,3.561158168721146
2010-09-13,4.179999828338623,4.099999904632568,4.177999973297119,4.144000053405762,1804000.0,4.144000053405762,-0.008,0.1100001335144043,0.22951971384975525,4.147142818995884,3.9670476005190896,1.179999828338623,39.209068470506686,0.04334990196933397,0.01806605124551798,4.300976037362764,3.633119163675415
2010-09-14,4.320000171661377,4.105999946594238,4.107999801635742,4.223999977111816,3273500.0,4.223999977111816,0.028,0.07999992370605469,0.22932723225582222,4.148857116699219,3.9937142644609724,1.1420001983642578,39.209068470506686,0.05224883325677965,0.024902607647770317,4.3152090142929485,3.672219514628997
2010-09-15,4.400000095367432,4.1579999923706055,4.196000099182129,4.395999908447266,3423000.0,4.395999908447266,0.048,0.17199993133544922,0.23935336309293206,4.175428526742118,4.0241904485793345,1.0339999198913574,39.20906847050668,0.0723462943633697,0.034391344990890194,4.371354762661269,3.6770261344974
2010-09-16,4.631999969482422,4.168000221252441,4.429999828338623,4.188000202178955,13422500.0,4.188000202178955,-0.055,-0.20799970626831055,0.23607084127472813,4.186857155391148,4.041238080887568,1.1440000534057617,39.20906847050668,0.0706751400936998,0.041648104011452115,4.383476571759083,3.698999590016053
2010-09-17,4.263999938964844,3.9600000381469727,4.203999996185303,4.046000003814697,5992500.0,4.046000003814697,-0.038,-0.1420001983642578,0.23022017510458054,4.167714323316302,4.055142845426287,1.2239999771118164,39.20906847050668,0.05723276533947441,0.04476503627705657,4.37108355580373,3.7392021350488447
2010-09-20,4.269999980926514,4.0320000648498535,4.133999824523926,4.211999893188477,4737500.0,4.211999893188477,0.019,0.1659998893737793,0.22784290624507997,4.177714279719761,4.076761892863682,1.3959999084472656,39.209068470506686,0.05929092141838055,0.04767021330532137,4.368511037352572,3.7850127483747915
2010-09-21,4.309999942779541,4.133999824523926,4.177999973297119,4.15399980545044,3980000.0,4.15399980545044,-0.006,-0.05800008773803622,0.22353336589150288,4.194857120513916,4.092666648683094,1.188000202178955,39.209068470506686,0.05560096922282742,0.049256364488822584,4.361112032838316,3.824221264527872
2010-09-22,4.190000057220459,3.9600000381469727,4.173999786376953,3.973999977111816,4814500.0,3.973999977111816,-0.048,-0.17999982833862438,0.21863651117886304,4.170571395329067,4.090190456027076,1.0460000038146973,39.20906847050668,0.03771739109134575,0.04694856980932722,4.36215486516426,3.8182260468898925
2010-09-23,4.027999877929688,3.900000095367432,3.9779999256134033,3.911999940872192,3340500.0,3.911999940872192,-0.017,-0.06200003623962402,0.2152190833027987,4.125999961580549,4.093619028727214,1.2119998931884766,39.209068470506686,0.01833034104794784,0.041224924057051346,4.353900758518917,3.8333372989355103
2010-09-24,4.038000106811523,3.930000066757202,3.990000009536743,4.019999980926514,2894500.0,4.019999980926514,0.008,0.10800004005432173,0.20999710483246387,4.072285686220441,4.095523788815453,1.1539998054504403,39.209068470506686,0.011547551861039729,0.03528944961784902,4.352882367001736,3.83816521062917
2010-09-27,4.162000179290772,4.010000228881836,4.079999923706055,4.105999946594238,2093000.0,4.105999946594238,0.006,0.08599996566772461,0.20541610201678143,4.060571363994053,4.10295235543024,0.973999977111816,39.20906847050668,0.012962200877712604,0.03082399986982174,4.351524648270049,3.8543800625904314
2010-09-28,4.297999858856201,4.151999950408936,4.208000183105469,4.28000020980835,6072500.0,4.28000020980835,0.017,0.17400026321411133,0.20699732252009767,4.09399996485029,4.119142838886806,0.9119999408721919,39.20906847050668,0.02780318961295336,0.030219837818448066,4.36742841971684,3.870857258056772
2010-09-29,4.406000137329102,4.22599983215332,4.23799991607666,4.395999908447266,9846500.0,4.395999908447266,0.037,0.11599969863891602,0.2152045817238853,4.12028568131583,4.139238073712304,1.0199999809265137,39.20906847050668,0.04836743663753662,0.033849357582265774,4.405820836532925,3.872655310891682
2010-09-30,4.429999828338623,4.038000106811523,4.400000095367432,4.081999778747559,10979000.0,4.081999778747559,-0.072,-0.31400012969970703,0.2100204166545226,4.10999996321542,4.14809521039327,1.1059999465942383,39.20906847050668,0.03887938693274684,0.03485536345236199,4.392142680472538,3.9040477403140015
2010-10-01,4.150000095367432,4.061999797821045,4.138000011444092,4.119999885559082,2988500.0,4.119999885559082,-0.004,0.03800010681152344,0.20524499977192662,4.1308570929936,4.1495237691061835,1.2800002098083496,39.20906847050668,0.03403400737199025,0.03469109223628764,4.39249178898397,3.906555749228396
2010-10-04,4.234000205993652,4.059999942779541,4.085999965667725,4.197999954223633,3218000.0,4.197999954223633,0.027,0.07800006866455078,0.20214257993500273,4.171714237758091,4.148857105345953,1.3959999084472656,39.20906847050668,0.03607214558826133,0.03496730290668238,4.391181117613787,3.9065330930781195
2010-10-05,4.25600004196167,4.202000141143799,4.230000019073486,4.223999977111816,1660000.0,4.223999977111816,-0.001,0.026000022888183594,0.19978207513807758,4.2008570943559915,4.1495237691061835,1.0819997787475586,39.20906847050668,0.039331974841795514,0.03584023729370501,4.392630039819903,3.906417498392463
2010-10-06,4.251999855041504,4.064000129699707,4.211999893188477,4.0920000076293945,1567000.0,4.0920000076293945,-0.028,-0.13199996948242188,0.19499962358180273,4.1988571030753,4.1487618741535,1.119999885559082,39.20906847050668,0.030907832391217305,0.034853756313207473,4.392514144870849,3.9050096034361514
2010-10-07,4.127999782562256,4.067999839782715,4.113999843597412,4.085999965667725,705000.0,4.085999965667725,-0.007,-0.006000041961669922,0.1903345469402214,4.171142782483782,4.144285690216791,1.1979999542236328,39.20906847050668,0.02347685894848084,0.03257837684026215,4.389078800454429,3.8994925799791527
2010-10-08,4.1579999923706055,4.078000068664551,4.085999965667725,4.085999965667725,1339000.0,4.085999965667725,0.0,0.0,0.18578944950399703,4.126857076372419,4.141619012469337,1.2239999771118164,39.20906847050668,0.017387328656326417,0.029540167203475007,4.387733214309824,3.8955048106288497
2010-10-11,4.139999866485596,4.013999938964844,4.0879998207092285,4.047999858856201,856000.0,4.047999858856201,-0.01,-0.03800010681152344,0.1815347172812938,4.121999944959368,4.142285676229568,1.0920000076293945,39.20906847050668,0.009386835392250603,0.025509500841230125,4.387248671525542,3.8973226809335926
2010-10-12,4.056000232696533,4.00600004196167,4.039999961853027,4.047999858856201,1220000.0,4.047999858856201,0.002,0.0,0.17737609493749587,4.111714226858957,4.137714238393874,1.0859999656677246,39.20906847050668,0.003011670180883108,0.02100993470916072,4.386101984737748,3.8893264920500004
2010-10-13,4.170000076293945,4.072000026702881,4.127999782562256,4.107999801635742,1591000.0,4.107999801635742,-0.005,0.059999942779541016,0.17325318273034496,4.098857062203543,4.132190420514061,1.0859999656677246,39.20906847050668,0.002768881816146873,0.017361724130557952,4.377661118509296,3.8867197225188264
2010-10-14,4.205999851226807,4.079999923706055,4.199999809265137,4.150000095367432,1474000.0,4.150000095367432,-0.012,0.04200029373168945,0.1697504934792379,4.0882856505257745,4.120476143700736,1.0479998588562012,39.20906847050668,0.005897559585150702,0.015068891221476503,4.33454124901204,3.906411038389431
2010-10-15,4.179999828338623,4.050000190734863,4.177999973297119,4.107999801635742,1423500.0,4.107999801635742,-0.017,-0.04200029373168945,0.1657954625735011,4.090571335383824,4.116666600817726,1.0479998588562012,39.20906847050668,0.004931143413208439,0.013041341659822892,4.328520674293373,3.904812527342078
2010-10-18,4.127999782562256,4.044000148773193,4.104000091552734,4.046000003814697,814000.0,4.046000003814697,-0.014,-0.06199979782104492,0.16211086133573815,4.084857055119106,4.116666600817726,1.1079998016357422,39.20906847050668,-0.0008280684384338599,0.010267459640171542,4.328520674293373,3.904812527342078
2010-10-19,4.081999778747559,4.0,4.039999961853027,4.010000228881836,1226000.0,4.010000228881836,-0.007,-0.03599977493286133,0.15909204731042387,4.073999949863979,4.107047569184076,1.1500000953674316,39.209068470506686,-0.008202611696462192,0.006573445372844796,4.319065011555166,3.8950301268129865
2010-10-20,4.138000011444092,4.007999897003174,4.0320000648498535,4.130000114440918,1562500.0,4.130000114440918,0.024,0.11999988555908203,0.15568006828213157,4.0857142720903665,4.1059047267550515,1.1079998016357422,39.209068470506686,-0.004314270253492403,0.004395902247577356,4.317116401776144,3.894693051733959
2010-10-21,4.190000057220459,4.090000152587891,4.122000217437744,4.150000095367432,2085500.0,4.150000095367432,0.007,0.019999980926513672,0.15266284125203008,4.100285734449114,4.114285684767223,1.0460000038146973,39.209068470506686,0.0003767566518435572,0.0035920731284305968,4.317323783300211,3.911247586234235
2010-10-22,4.185999870300293,4.110000133514404,4.136000156402588,4.144000053405762,805500.0,4.144000053405762,0.002,-0.006000041961669922,0.14956336595947484,4.1054286275591165,4.125333309173584,1.010000228881836,39.209068470506686,0.003569133282708137,0.0035874851592861048,4.3061772854041305,3.944489332943037
2010-10-25,4.196000099182129,4.145999908447266,4.188000202178955,4.170000076293945,592500.0,4.170000076293945,-0.004,0.026000022888183594,0.14704615416641165,4.108285767691476,4.132476170857747,1.130000114440918,39.20906847050669,0.008103685081072953,0.004490725143643475,4.307605436719242,3.957346904996252
2010-10-26,4.374000072479248,4.102000236511231,4.159999847412109,4.271999835968018,3304500.0,4.271999835968018,0.027,0.10199975967407227,0.14854345771334387,4.131714344024658,4.140380927494594,1.1500000953674316,39.209068470506686,0.01970077988192731,0.007532736091300242,4.32520785884024,3.955553996148949
2010-10-27,4.276000022888184,4.130000114440918,4.25,4.199999809265137,1782500.0,4.199999809265137,-0.012,-0.07200002670288086,0.14655953819573084,4.153714316231864,4.1365713846115835,1.1440000534057617,39.209068470506686,0.022818720631291534,0.010589932999298501,4.312390083768683,3.9607526854544837
2010-10-28,4.300000190734863,4.191999912261963,4.277999877929688,4.23799991607666,1121000.0,4.23799991607666,-0.009,0.03800010681152344,0.14584303983965557,4.186285700116839,4.129047575451079,1.1700000762939453,39.20906847050668,0.028032856854290245,0.01407851777029685,4.267868972283208,3.9902261786189497
2010-10-29,4.369999885559082,4.210000038146973,4.228000164031982,4.368000030517578,1403000.0,4.368000030517578,0.033,0.13000011444091797,0.1524503384585417,4.22028568812779,4.142666635059175,1.2719998359680176,39.20906847050668,0.04216892306013964,0.01969659882826541,4.314332955123993,3.9710003149943573
2010-11-01,4.550000190734863,4.26200008392334,4.388000011444092,4.2820000648498535,2279000.0,4.2820000648498535,-0.024,-0.08599996566772461,0.15261602251615938,4.239142826625279,4.150380929311116,1.1999998092651367,39.20906847050668,0.04590323495663995,0.024937926053940317,4.3320382623838,3.9687235962384326
2010-11-02,4.375999927520752,4.210000038146973,4.335999965667725,4.25,1612500.0,4.25,-0.02,-0.032000064849853516,0.15116057908427522,4.254285676138742,4.152857121967134,1.2379999160766602,39.209068470506686,0.045753152380900275,0.029100971319332307,4.338612099760589,3.96710214417368
2010-11-03,4.5,4.23199987411499,4.25600004196167,4.354000091552734,1863000.0,4.354000091552734,0.023,0.10400009155273438,0.1546603746832096,4.2805713926042825,4.159047603607178,1.3680000305175781,39.209068470506686,0.05341046647099734,0.03396287034966532,4.362574989444642,3.9555202177697137
2010-11-04,5.065999984741211,4.429999828338623,4.519999980926514,4.980000019073486,9370000.0,4.980000019073486,0.102,0.625999927520752,0.23258977506780332,4.381714275905064,4.2013333184378485,1.2820000648498535,39.20906847050668,0.10873843649798864,0.048917983579329985,4.610975786209238,3.791690850666459
2010-11-05,4.99399995803833,4.74399995803833,4.973999977111816,4.888000011444092,5055000.0,4.888000011444092,-0.017,-0.09200000762939453,0.27173862047686914,4.480000019073486,4.239523796808152,1.25,39.20906847050668,0.143508344753851,0.06783605581423419,4.742835898119237,3.736211695497067
2010-11-08,5.0,4.806000232696533,4.900000095367432,4.995999813079834,2547500.0,4.995999813079834,0.02,0.10799980163574219,0.3125762550474788,4.588285718645368,4.282857122875395,1.3540000915527344,39.20906847050668,0.17772967192521172,0.0898147790364297,4.878821623997415,3.6868926217533753
2010-11-09,5.138000011444092,4.809999942779541,5.0,4.926000118255615,4782000.0,4.926000118255615,-0.015,-0.06999969482421875,0.33696331375499,4.668000016893659,4.324666659037272,1.9800000190734863,39.20906847050668,0.19693182243616647,0.11123818771637706,4.972375641132882,3.6769576769416625
2010-11-10,5.99399995803833,4.809999942779541,4.895999908447266,5.872000217437744,15302500.0,5.872000217437744,0.199,0.9460000991821289,0.470769575851322,4.895142895834787,4.411523818969727,1.8880000114440918,39.20906847050668,0.2851964004357894,0.14602983026025954,5.334226778670661,3.488820859268792
2010-11-11,5.820000171661377,5.466000080108643,5.71999979019165,5.607999801635742,9726500.0,5.607999801635742,-0.02,-0.26400041580200195,0.5307445124588746,5.089142867497036,4.482952390398298,1.995999813079834,39.20906847050668,0.33003959617851564,0.18283178344391077,5.530729928815639,3.435174851980957
2010-11-12,6.099999904632568,5.613999843597412,5.650000095367432,5.9679999351501465,13645500.0,5.9679999351501465,0.056,0.3600001335144043,0.6140439350483983,5.319714273725237,4.569523811340332,1.9260001182556152,39.20906847050668,0.3901299784660912,0.22429142244834688,5.788237149255718,3.350810473424946
2010-11-15,6.5879998207092285,6.044000148773193,6.044000148773193,6.159999847412109,13114500.0,6.159999847412109,0.019,0.1919999122619629,0.6967438166305693,5.488285677773612,4.667238099234445,2.872000217437744,39.20906847050668,0.4480796444448778,0.26904906684765306,6.048716357233273,3.285759841235617
2010-11-16,6.28000020980835,5.684000015258789,6.199999809265137,5.934000015258789,6738000.0,5.934000015258789,-0.043,-0.2259998321533203,0.7398997682042068,5.63771424974714,4.757142861684163,2.607999801635742,39.20906847050668,0.4703470070263407,0.3093086548833906,6.212575421081702,3.3017103022866245
2010-11-17,6.150000095367432,5.7220001220703125,6.039999961853027,5.8979997634887695,3750000.0,5.8979997634887695,-0.024,-0.03600025177001953,0.7712666368859005,5.766571385519845,4.8470476014273505,2.9679999351501465,39.20906847050668,0.4795610515626274,0.34335913421923797,6.341370988423797,3.3527242144309035
2010-11-18,6.1479997634887695,5.783999919891357,6.133999824523926,5.978000164031982,4780500.0,5.978000164031982,-0.025,0.08000040054321289,0.801589276574291,5.916857106345041,4.93504760378883,3.1599998474121094,39.20906847050668,0.48769674744991676,0.3722266568653737,6.469145678630401,3.4009495289472587
2010-11-19,6.27400016784668,5.940000057220459,6.0320000648498535,6.197999954223633,5752500.0,6.197999954223633,0.028,0.2199997901916504,0.8413157426094772,5.963428497314453,5.032571406591506,2.934000015258789,39.20906847050668,0.506062911280603,0.3989939077484196,6.616636104183004,3.448506709000008
2010-11-22,6.690000057220459,6.300000190734863,6.314000129699707,6.679999828338623,7648500.0,6.679999828338623,0.058,0.48199987411499023,0.9120796339180368,6.116571358272007,5.1533333006359285,2.8979997634887695,39.20906847050668,0.553135389581275,0.42982220411499067,6.836456234336195,3.470210366935662
2010-11-23,7.136000156402588,6.438000202178955,6.6579999923706055,6.914000034332275,7889000.0,6.914000034332275,0.038,0.23400020599365234,0.9879509413338712,6.25171422958374,5.28399996530442,2.9780001640319824,39.20906847050668,0.6023786822940442,0.4643334997508014,7.0694392862796125,3.4985606443292276
2010-11-24,7.193999767303467,6.866000175476074,7.053999900817871,7.093999862670898,7125000.0,7.093999862670898,0.006,0.17999982833862305,1.0628761664531647,6.385142803192139,5.418380918956938,3.197999954223633,39.20906847050668,0.6484538559701605,0.5011575709946732,7.305797150545286,3.5309646873685905
2010-11-26,7.199999809265137,6.949999809265137,7.119999885559082,7.064000129699707,1753000.0,7.064000129699707,-0.008,-0.029999732971191406,1.1194516512431407,6.5465713909694125,5.55476188659668,3.679999828338623,39.20906847050668,0.6747697101406969,0.5358799988238779,7.485809015985614,3.623714757207745
2010-11-29,7.190000057220459,6.665999889373779,7.081999778747559,6.866000175476074,5728000.0,6.866000175476074,-0.03,-0.1979999542236328,1.1504701762004184,6.684857164110456,5.67990475609189,3.9140000343322754,39.20906847050668,0.6719029931551495,0.5630845976901323,7.593086574389693,3.7667229377940874
2010-11-30,7.065999984741211,6.682000160217285,6.748000144958496,7.065999984741211,11113000.0,7.065999984741211,0.047,0.19999980926513672,1.187416384297554,6.84028570992606,5.8083809443882535,4.093999862670898,39.20906847050668,0.677954376390983,0.5860585534303024,7.713891929561743,3.9028699592147635
2010-12-01,7.283999919891357,6.690000057220459,7.173999786376953,6.869999885559082,6496000.0,6.869999885559082,-0.042,-0.1960000991821289,1.204418332142706,6.936285700116839,5.931619031088693,4.064000129699707,39.20906847050668,0.65933417726617,0.600713678197476,7.755522351642235,4.1077157105351505
2010-12-02,6.860000133514404,6.239999771118164,6.802000045776367,6.46999979019165,10035000.0,6.46999979019165,-0.049,-0.40000009536743164,1.197847324804567,6.906285694667271,6.037333306812105,3.866000175476074,39.20906847050668,0.6053230828539871,0.6016355591287783,7.702292298484727,4.372374315139483
2010-12-03,6.449999809265137,6.173999786376953,6.401999950408936,6.297999858856201,5800500.0,6.297999858856201,-0.016,-0.17199993133544922,1.183631162092925,6.818285669599261,6.129904724302746,4.065999984741211,39.20906847050668,0.5423876373492611,0.5897859747728749,7.6073904090696685,4.652419039535823
2010-12-06,6.289999961853027,5.912000179290772,6.269999980926514,6.061999797821045,6372000.0,6.061999797821045,-0.033,-0.23600006103515625,1.1624861121705532,6.670857088906424,6.181428523290725,3.869999885559082,39.20906847050668,0.46807196848264887,0.5654431735148296,7.562833695735275,4.800023350846175
2010-12-07,6.480000019073486,6.010000228881836,6.0980000495910645,6.311999797821045,6556500.0,6.311999797821045,0.035,0.25,1.1478943258844874,6.563428470066616,6.249238036927723,3.4699997901916504,39.20906847050668,0.42445630804889056,0.5372458004216418,7.497351177778668,5.001124896076778
2010-12-08,6.498000144958496,6.303999900817871,6.495999813079834,6.473999977111816,3300000.0,6.473999977111816,-0.003,0.16200017929077148,1.1380271240474462,6.507428441728864,6.319618997119722,3.297999858856201,39.20906847050668,0.39837047662057845,0.5094707356614292,7.430008196919275,5.2092297973201696
2010-12-09,6.544000148773193,6.329999923706055,6.501999855041504,6.409999847412109,2030000.0,6.409999847412109,-0.014,-0.06400012969970703,1.1249006123991634,6.413714136396136,6.390285650889079,3.061999797821045,39.20906847050668,0.36828760146143313,0.48123410882143,7.298684979232782,5.4818863225453764
2010-12-10,6.584000110626221,6.22599983215332,6.409999847412109,6.303999900817871,2147000.0,6.303999900817871,-0.017,-0.10599994659423828,1.1079705583245905,6.33285699571882,6.410857064383371,3.311999797821045,39.20906847050668,0.33206555137810145,0.4514003973327643,7.289023938581863,5.532690190184878
2010-12-13,6.354000091552734,6.079999923706055,6.328000068664551,6.110000133514404,2052000.0,6.110000133514404,-0.034,-0.1939997673034668,1.0864480346032992,6.281428473336356,6.434761842091878,3.4739999771118164,39.20906847050668,0.28442646458914034,0.4180056107840395,7.245911667569252,5.623612016614504
2010-12-14,6.078000068664551,5.552000045776367,6.058000087738037,5.705999851226807,8828500.0,5.705999851226807,-0.058,-0.40400028228759766,1.0613678161634053,6.196857043675014,6.422285647619338,3.4099998474121094,39.20906847050668,0.211633123764714,0.37673111338017445,7.270787715314964,5.573783579923712
2010-12-15,5.99399995803833,5.705999851226807,5.734000205993652,5.920000076293945,3714500.0,5.920000076293945,0.032,0.21400022506713867,1.0380348462911038,6.176571369171143,6.4108570870899015,3.303999900817871,39.20906847050668,0.16926077356557823,0.33523704541725524,7.280400978642113,5.54131319553769
2010-12-16,6.182000160217285,5.929999828338623,6.0,6.162000179290772,3950500.0,6.162000179290772,0.027,0.24200010299682706,1.0188128459432815,6.155142852238247,6.421714237758091,3.1100001335144043,39.20906847050668,0.15343901711226415,0.298877439756257,7.271725362173479,5.5717031133427035
2010-12-17,6.308000087738037,6.142000198364258,6.26800012588501,6.271999835968018,4065000.0,6.271999835968018,0.001,0.1099996566772452,1.0021405139707615,6.126285689217704,6.4395237650190085,2.7059998512268066,39.20906847050668,0.148069362678795,0.26871582434076463,7.258556285155702,5.620491244882315
2010-12-20,6.438000202178955,6.251999855041504,6.328000068664551,6.340000152587891,2617000.0,6.340000152587891,0.002,0.06800031661987305,0.9870793772895369,6.1162857328142435,6.456761859712147,2.9200000762939453,39.20906847050668,0.14759949500197767,0.24449255847300724,7.2498232785554775,5.6637004408688165
2010-12-21,6.538000106811523,6.3420000076293945,6.360000133514404,6.452000141143799,3888500.0,6.452000141143799,0.014,0.1119999885559082,0.9749695118050828,6.1374286242893765,6.468857106708345,3.1620001792907724,39.20906847050668,0.15448379155021907,0.22649080508844963,7.253041374023468,5.684672839393222
2010-12-22,6.572000026702881,6.340000152587891,6.449999809265137,6.526000022888184,4166500.0,6.526000022888184,0.012,0.07399988174438477,0.9646665133821221,6.196857179914202,6.461523782639277,3.2719998359680176,39.20906847050668,0.16402009660266526,0.21399666339129278,7.240276575124149,5.682770990154404
2010-12-23,6.495999813079834,5.984000205993652,6.251999855041504,6.01800012588501,7763000.0,6.01800012588501,-0.037,-0.5079998970031738,0.9432091419971456,6.2414286477225165,6.418857120332264,3.3400001525878906,39.20906847050668,0.12909817747708985,0.1970169662084522,7.1916479988043935,5.646066241860135
2010-12-27,5.716000080108643,5.01200008392334,5.604000091552734,5.110000133514404,46509500.0,5.110000133514404,-0.088,-0.9079999923706055,0.9343637228568374,6.125714370182583,6.3243809427533835,3.452000141143799,39.20906847050668,0.027833447403533107,0.1631802624474684,7.2250336935879975,5.423728191918769
2010-12-28,5.349999904632568,5.0,5.170000076293945,5.2820000648498535,20281500.0,5.2820000648498535,0.022,0.17199993133544922,0.9195913158324578,6.000000068119594,6.239523796808152,3.5260000228881836,39.20906847050667,-0.0381014143698275,0.12292392708400922,7.182305086532572,5.296742507083732
2010-12-29,5.602000236511231,5.300000190734863,5.406000137329102,5.546000003814697,16596000.0,5.546000003814697,0.026,0.26399993896484375,0.8998139751922403,5.896285806383405,6.176666645776658,3.0180001258850098,39.20906847050667,-0.06826575351278841,0.0846859909646497,7.1200344372068765,5.233298854346439
2010-12-30,5.579999923706055,5.276000022888184,5.539999961853027,5.300000190734863,10205500.0,5.300000190734863,-0.043,-0.24599981307983398,0.8847638744669422,5.7477143832615445,6.092571417490642,2.1100001335144043,39.20906847050667,-0.1107447421637815,0.045599844338963455,7.017647855339031,5.167494979642252
2010-12-31,5.449999809265137,5.300000190734863,5.314000129699707,5.326000213623047,7089500.0,5.326000213623047,0.002,0.026000022888183594,0.8690585612983737,5.586857250758579,6.019047623588925,2.2820000648498535,39.20906847050667,-0.14068987683471867,0.008341900104227029,6.929931562769252,5.108163684408598
2011-01-03,5.400000095367432,5.179999828338623,5.368000030517578,5.323999881744385,6415000.0,5.323999881744385,-0.008,-0.0020003318786621094,0.853420086053939,5.415142944880894,5.964476199377151,2.5460000038146973,39.20906847050667,-0.16270743187680203,-0.025867966291978788,6.8989003442934,5.030052054460901
2011-01-04,5.389999866485596,5.203999996185303,5.331999778747559,5.334000110626221,5937000.0,5.334000110626221,0.0,0.010000228881835938,0.8376215224868814,5.317428656986782,5.918571449461437,2.3000001907348633,39.20906847050668,-0.1773056982596355,-0.056155512685510126,6.878545648354864,4.95859725056801
2011-01-05,5.380000114440918,5.23799991607666,5.296000003814697,5.366000175476074,7233500.0,5.366000175476074,0.013,0.032000064849853516,0.8213084026310155,5.354000091552734,5.885428610302153,2.326000213623047,39.20906847050667,-0.1841697969674554,-0.08175836954189919,6.872287083527947,4.898570137076359
2011-01-06,5.599999904632568,5.361999988555908,5.366000175476074,5.576000213623047,10306000.0,5.576000213623047,0.039,0.21000003814697266,0.8027009918226216,5.396000112806048,5.85038101105463,2.3239998817443848,39.20906847050668,-0.17069671118017737,-0.09954603786955482,6.82582308181686,4.8749389402924
2011-01-07,5.716000080108643,5.579999923706055,5.599999904632568,5.6479997634887695,11239500.0,5.6479997634887695,0.009,0.07199954986572266,0.7842340256350917,5.4105715070452005,5.81104766754877,2.3340001106262207,39.20906847050668,-0.1524520592358396,-0.11012724214281178,6.746676266028558,4.8754190690689825
2011-01-10,5.736000061035156,5.610000133514404,5.633999824523926,5.690000057220459,6713500.0,5.690000057220459,0.01,0.04200029373168945,0.7661743901245951,5.466285773686001,5.7767619632539295,2.366000175476074,39.20906847050668,-0.13307002007309432,-0.11471579772886828,6.672108542157379,4.88141538435048
2011-01-11,5.742000102996826,5.383999824523926,5.7179999351501465,5.392000198364258,8551000.0,5.392000198364258,-0.057,-0.29799985885620117,0.7509375066886766,5.475714342934745,5.733333405994234,2.576000213623047,39.20906847050668,-0.14014026280222946,-0.11980069074354052,6.609539137930068,4.8571276740583995
2011-01-12,5.480000019073486,5.303999900817871,5.401999950408936,5.392000198364258,4822000.0,5.392000198364258,-0.002,0.0,0.7358830474460701,5.485428673880441,5.699142932891846,2.6479997634887695,39.20906847050668,-0.14408258673186847,-0.12465706994120612,6.569632932940784,4.828652932842908
2011-01-13,5.394000053405762,5.23199987411499,5.392000198364258,5.24399995803833,3618000.0,5.24399995803833,-0.027,-0.14800024032592773,0.7240596335475851,5.472571509225028,5.677142937978108,2.690000057220459,39.20906847050668,-0.1573356222385609,-0.13119278040067708,6.569970840303653,4.784315035652564
2011-01-14,5.315999984741211,5.122000217437744,5.230000019073486,5.150000095367432,5960000.0,5.150000095367432,-0.015,-0.09399986267089844,0.7146869908694368,5.441714354923794,5.640476272219703,2.392000198364258,39.20906847050668,-0.1734246206151182,-0.13963914844356531,6.554410074068093,4.726542470371314
2011-01-18,5.127999782562256,4.949999809265137,5.0960001945495605,5.127999782562256,8108500.0,5.127999782562256,0.006,-0.02200031280517578,0.7056258714195643,5.37771429334368,5.591238158089774,2.392000198364258,39.20906847050668,-0.1858086229787581,-0.14887304335060386,6.498553727014467,4.683922589165081
2011-01-19,5.093999862670898,4.75,5.053999900817871,4.806000232696533,11857500.0,4.806000232696533,-0.049,-0.32199954986572266,0.7088881487187818,5.2574286460876465,5.521428653172085,2.24399995803833,39.20906847050667,-0.21908028552669556,-0.1629144917858222,6.434328334293736,4.608528972050434
2011-01-20,4.889999866485596,4.473999977111816,4.806000232696533,4.52400016784668,11399500.0,4.52400016784668,-0.059,-0.2820000648498535,0.7258017916346439,5.090857233319964,5.434952463422503,2.1500000953674316,39.20906847050667,-0.2651469176474137,-0.18336097695814052,6.36604780369406,4.503857123150946
2011-01-21,4.7179999351501465,4.541999816894531,4.624000072479248,4.607999801635742,6085000.0,4.607999801635742,-0.003,0.0839996337890625,0.7339802987818868,4.978857176644461,5.3471429234459285,2.127999782562256,39.20906847050667,-0.29151656555771055,-0.20499209467805452,6.221469700792488,4.472816146099369
2011-01-24,4.961999893188477,4.645999908447266,4.705999851226807,4.8979997634887695,8225500.0,4.8979997634887695,0.041,0.28999996185302734,0.7270097600412743,4.9082856859479636,5.269619101569766,1.8060002326965332,39.20906847050667,-0.28572051992014913,-0.22113777972647344,5.97786387324591,4.5613743298936225
2011-01-25,4.978000164031982,4.803999900817871,4.929999828338623,4.935999870300293,6357500.0,4.935999870300293,0.001,0.03800010681152344,0.7181791200536648,4.864285673413958,5.218095279875255,1.5240001678466797,39.20906847050668,-0.274892036670197,-0.23188863111521818,5.8511090441345335,4.585081515615977
2011-01-26,4.97599983215332,4.820000171661377,4.941999912261963,4.949999809265137,5399500.0,4.949999809265137,0.002,0.01399993896484375,0.708524133268384,4.835714203970773,5.210476216815767,1.6079998016357422,39.20906847050668,-0.2621587052416139,-0.23794264594049735,5.852738421346502,4.568214012285032
2011-01-27,5.015999794006348,4.906000137329102,4.947999954223633,4.984000205993652,4478500.0,4.984000205993652,0.007,0.034000396728515625,0.6976392843657249,4.815142835889544,5.196285747346424,1.8979997634887695,39.20906847050668,-0.24648260247174125,-0.23965063724674612,5.845046205695224,4.547525288997624
2011-01-28,4.97599983215332,4.75,4.97599983215332,4.802000045776367,5242000.0,4.802000045776367,-0.035,-0.18200016021728516,0.692282306543355,4.814571380615234,5.160857177916027,1.935999870300293,39.20906847050667,-0.24591036832496638,-0.24090258346239019,5.810665297394475,4.511049058437579
2011-01-31,4.823999881744385,4.699999809265137,4.809999942779541,4.820000171661377,4151500.0,4.820000171661377,0.002,0.018000125885009766,0.6855486556245062,4.856857095445905,5.138000034150624,1.9499998092651367,39.20906847050667,-0.2412237318906545,-0.24096681314804305,5.8008882980313174,4.47511177026993
2011-02-01,4.946000099182129,4.708000183105469,4.861999988555908,4.7820000648498535,3539000.0,4.7820000648498535,-0.016,-0.03800010681152344,0.6795468572052407,4.881714275905064,5.1120952651614235,1.9840002059936523,39.209068470506665,-0.237834224892719,-0.24034029549697825,5.786543775342924,4.437646754979923
2011-02-02,4.835999965667725,4.734000205993652,4.831999778747559,4.788000106811523,2847500.0,4.788000106811523,-0.009,0.006000041961669922,0.6726927156940945,4.866000039236886,5.086571466355097,1.8020000457763672,39.209068470506665,-0.2319896308786733,-0.23867016257331727,5.767872768152074,4.40527016455812
2011-02-03,4.78000020980835,4.630000114440918,4.763999938964844,4.72599983215332,2560000.0,4.72599983215332,-0.008,-0.062000274658203125,0.6674579581269324,4.836000033787319,5.057619072142101,1.820000171661377,39.209068470506665,-0.2297126673830956,-0.23687866353527295,5.746392652470559,4.3688454918136435
2011-02-04,4.734000205993652,4.644000053405762,4.688000202178955,4.691999912261963,2720000.0,4.691999912261963,0.001,-0.03399991989135742,0.6627542643023545,4.7991429056440085,5.025523821512858,1.7820000648498535,39.209068470506665,-0.2280231577709646,-0.2351075623824113,5.716753375655092,4.334294267370625
2011-02-07,4.651999950408936,4.576000213623047,4.651999950408936,4.613999843597412,4475500.0,4.613999843597412,-0.008,-0.07800006866455078,0.6603120633749945,4.7462857110159735,4.979714280083066,1.7880001068115234,39.209068470506665,-0.23032314109913354,-0.23415067812575574,5.644733138901504,4.314695421264627
2011-02-08,5.050000190734863,4.599999904632568,4.75600004196167,4.8979997634887695,17524500.0,4.8979997634887695,0.03,0.2839999198913574,0.6482518583931236,4.75999995640346,4.94399999436878,1.7259998321533203,39.209068470506665,-0.20684509293358389,-0.22868956108732136,5.534683746223632,4.3533162425139285
2011-02-09,4.835999965667725,4.558000087738037,4.826000213623047,4.642000198364258,13178000.0,4.642000198364258,-0.038,-0.2559995651245117,0.6436449920083092,4.734571388789585,4.894095239185152,1.691999912261963,39.209068470506665,-0.20651501944704798,-0.2242546527592667,5.389458556387786,4.398731921982518
2011-02-10,4.728000164031982,4.561999797821045,4.651999950408936,4.644000053405762,4180500.0,4.644000053405762,-0.002,0.0019998550415039062,0.6382286678238476,4.71485710144043,4.858476184663319,1.613999843597412,39.209068470506665,-0.20374343475261014,-0.2201524091579354,5.309013480739738,4.4079388885869
2011-02-11,4.75,4.5879998207092285,4.650000095367432,4.650000095367432,3172500.0,4.650000095367432,0.0,0.006000041961669922,0.6319723652994182,4.695142814091274,4.823142846425374,1.8979997634887695,39.209068470506665,-0.19877146693236014,-0.21587622071282037,5.209799371465369,4.436486321385379
2011-02-14,4.828000068664551,4.610000133514404,4.728000164031982,4.616000175476074,6415500.0,4.616000175476074,-0.024,-0.03399991989135742,0.6263564334478964,4.679428577423096,4.79323809487479,1.6420001983642578,39.209068470506665,-0.19532309296842776,-0.21176559516394183,5.138063715164665,4.448412474584916
2011-02-15,4.633999824523926,4.51200008392334,4.602000236511231,4.567999839782715,4768500.0,4.567999839782715,-0.007,-0.048000335693359375,0.621874851263548,4.661714281354632,4.765523796989804,1.6440000534057617,39.209068470506665,-0.19422455788996462,-0.20825738770914642,5.082335084714999,4.448712509264609
2011-02-16,4.99399995803833,4.613999843597412,4.619999885559082,4.946000099182129,20575500.0,4.946000099182129,0.071,0.37800025939941406,0.6081228557843515,4.709142889295306,4.756857145400274,1.6500000953674316,39.209068470506665,-0.16099663013691323,-0.1988052361946998,5.040212924533687,4.473501366266861
2011-02-17,5.0980000495910645,4.710000038146973,4.926000118255615,4.71999979019165,13092000.0,4.71999979019165,-0.042,-0.22600030899047852,0.598530492314699,4.683714321681431,4.752761886233375,1.6160001754760742,39.209068470506665,-0.15115714865285668,-0.1892756186863312,5.035620053994166,4.469903718472584
2011-02-18,4.697999954223633,4.5920000076293945,4.665999889373779,4.636000156402588,11853500.0,4.636000156402588,-0.006,-0.0839996337890625,0.5911736659239618,4.682857172829764,4.758095219021752,1.5679998397827148,39.209068470506665,-0.1484263900869518,-0.1811057729664553,5.026701905419369,4.489488532624135
2011-02-22,4.599999904632568,4.355999946594238,4.576000213623047,4.374000072479248,10323000.0,4.374000072479248,-0.044,-0.26200008392333984,0.5938586582531196,4.64428574698312,4.746952374776204,1.946000099182129,39.209068470506665,-0.16549572964216974,-0.17798376430159818,5.057803073546297,4.436101676006111
2011-02-23,4.5,4.2220001220703125,4.435999870300293,4.366000175476074,8028000.0,4.366000175476074,-0.016,-0.007999897003173828,0.5953631058769334,4.603714329855783,4.721619061061314,1.7199997901916504,39.209068470506665,-0.177621321024521,-0.17791127564618275,5.065704148411719,4.377533973710909
2011-02-24,4.515999794006348,4.300000190734863,4.355999946594238,4.50600004196167,5276500.0,4.50600004196167,0.034,0.1399998664855957,0.5898550304286612,4.588000025068011,4.701142878759475,1.636000156402588,39.209068470506665,-0.1739291731169761,-0.17711485514034142,5.042815356971399,4.359470400547551
2011-02-25,4.769999980926514,4.538000106811523,4.561999797821045,4.7220001220703125,6731500.0,4.7220001220703125,0.035,0.21600008010864258,0.5782783439910336,4.61000006539481,4.690285750797817,1.374000072479248,39.209068470506665,-0.15182359018226155,-0.17205660214872548,5.012692401720568,4.367879099875066
2011-02-28,4.820000171661377,4.699999809265137,4.748000144958496,4.777999877929688,5256000.0,4.777999877929688,0.006,0.05599975585937589,0.5659969506689975,4.586000033787319,4.6804762113662,1.3660001754760742,39.209068470506665,-0.1283070009177658,-0.16330668190253356,4.976832436663586,4.384119986068813
2011-03-01,4.863999843597412,4.739999771118164,4.809999942779541,4.788000106811523,5532000.0,4.788000106811523,-0.005,0.01000022888183505,0.5538084938486596,4.5957143647330145,4.679809547605968,1.50600004196167,39.209068470506665,-0.10762239561833908,-0.15216982464569467,4.975078602494085,4.384540492717852
2011-03-02,4.855999946594238,4.745999813079834,4.763999938964844,4.803999900817871,3316500.0,4.803999900817871,0.008,0.015999794006347656,0.5416739238162626,4.619714328220913,4.679047629946754,1.7220001220703125,39.209068470506665,-0.08891370538473886,-0.13951860079350353,4.972876394958471,4.385218864935037
2011-03-03,4.958000183105469,4.811999797821045,4.895999908447266,4.872000217437744,3201000.0,4.872000217437744,-0.005,0.06800031661987305,0.5293111192495046,4.690857206072126,4.6833333514985585,1.7779998779296884,39.209068470506665,-0.06781811136441007,-0.12517850290768484,4.9859626618156305,4.380704041181486
2011-03-04,4.998000144958496,4.75600004196167,4.895999908447266,4.989999771118164,7900500.0,4.989999771118164,0.019,0.11799955368041992,0.5173628115067095,4.780000005449567,4.692952383132208,1.7880001068115234,39.20906847050667,-0.04110429853221653,-0.10836366203259118,5.021302385236226,4.364602381028189
2011-03-07,5.079999923706055,4.940000057220459,4.986000061035156,4.98799991607666,10168000.0,4.98799991607666,0.0,-0.0019998550415039062,0.5056622144785874,4.848857130323138,4.7054285776047475,1.803999900817871,39.20906847050667,-0.019865780635294428,-0.09066408575313183,5.058064584903917,4.352792570305578
2011-03-08,4.992000102996826,4.800000190734863,4.920000076293945,4.932000160217285,6999500.0,4.932000160217285,0.002,-0.055999755859375,0.49403560842938915,4.878857135772705,4.716857160840716,1.8720002174377441,39.209068470506665,-0.007466742515259028,-0.07402461710555726,5.082964319580818,4.350750002100614
2011-03-09,4.998000144958496,4.854000091552734,4.932000160217285,4.943999767303467,4624000.0,4.943999767303467,0.002,0.01199960708618164,0.48269153819623073,4.902571405683245,4.732571442921956,1.989999771118164,39.209068470506665,0.003289928286688948,-0.05856170802710802,5.108337509105706,4.3568053767382064
2011-03-10,4.8979997634887695,4.745999813079834,4.888000011444092,4.802000045776367,5085000.0,4.802000045776367,-0.018,-0.1419997215270996,0.4723045715889196,4.904571396963937,4.7280000277927945,1.9879999160766602,39.209068470506665,0.00035241419731590895,-0.046778883582223235,5.09759862886235,4.358401426723239
2011-03-11,4.849999904632568,4.705999851226807,4.769999980926514,4.814000129699707,4654000.0,4.814000129699707,0.009,0.012000083923339844,0.46197876072596805,4.906000001089914,4.73619050071353,1.9320001602172852,39.20906847050667,-0.0009958014195303733,-0.03762226714968467,5.105407758069996,4.366973243357064
2011-03-14,4.800000190734863,4.639999866485596,4.763999938964844,4.650000095367432,5830000.0,4.650000095367432,-0.024,-0.1640000343322754,0.4547915464136696,4.874285697937012,4.736476216997419,1.9439997673034668,39.20906847050667,-0.015123371363285898,-0.033122487992404914,5.105403014272537,4.367549419722301
2011-03-15,4.5920000076293945,4.360000133514404,4.440000057220459,4.590000152587891,6594000.0,4.590000152587891,0.034,-0.059999942779541016,0.4491955223314805,4.817142895289829,4.73361907686506,1.8020000457763672,39.20906847050667,-0.0308059544029069,-0.03265918127450532,5.106269207235805,4.3609689464943155
2011-03-16,4.650000095367432,4.538000106811523,4.572000026702881,4.564000129699707,5848500.0,4.564000129699707,-0.002,-0.026000022888183594,0.4441638456238814,4.75657149723598,4.731142884209042,1.814000129699707,39.20906847050667,-0.04481588932926961,-0.03509052288545818,5.1077456503881375,4.354540118029947
2011-03-17,4.685999870300293,4.527999877929688,4.6479997634887695,4.561999797821045,4613000.0,4.561999797821045,-0.019,-0.0020003318786621094,0.43889671441622025,4.703714302607945,4.730857167925153,1.6500000953674316,39.20906847050667,-0.05544118232082251,-0.03916065477253104,5.107988506821089,4.353725829029218
2011-03-18,4.638000011444092,4.501999855041504,4.638000011444092,4.5920000076293945,3439500.0,4.5920000076293945,-0.01,0.03000020980834961,0.43249696964363676,4.6534286226545065,4.714000020708356,1.5900001525878906,39.20906847050667,-0.060740854596492255,-0.04347669473732328,5.082284593375934,4.345715448040779
2011-03-21,4.610000133514404,4.507999897003174,4.610000133514404,4.546000003814697,2058500.0,4.546000003814697,-0.014,-0.046000003814697266,0.42730068455443,4.616857188088553,4.705714316595168,1.564000129699707,39.20906847050667,-0.06787033198747494,-0.04835542218735362,5.081191061553213,4.330237571637124
2011-03-22,4.572000026702881,4.400000095367432,4.546000003814697,4.438000202178955,2914500.0,4.438000202178955,-0.024,-0.10799980163574219,0.4257251502517487,4.563142912728446,4.696285747346424,1.561999797821045,39.20906847050667,-0.0812980225868225,-0.0549439422672474,5.088677861606662,4.3038936330861866
2011-03-23,4.453999996185303,4.354000091552734,4.421999931335449,4.441999912261963,2114000.0,4.441999912261963,0.005,0.0039997100830078125,0.4233288678656687,4.533428600856236,4.699523834955125,1.5920000076293945,39.20906847050667,-0.09057275461573688,-0.0620697047369453,5.081736052690119,4.31731161722013
2011-03-24,4.47599983215332,4.395999908447266,4.427999973297119,4.466000080108643,2311000.0,4.466000080108643,0.009,0.024000167846679688,0.41949818671696626,4.515714304787772,4.7042857351757235,1.5460000038146973,39.20906847050668,-0.09489257111084104,-0.06863427801172445,5.071232603266155,4.3373388670852915
2011-03-25,4.599999904632568,4.480000019073486,4.486000061035156,4.550000190734863,2840000.0,4.550000190734863,0.014,0.0840001106262207,0.41279873529613015,4.51371431350708,4.706380980355399,1.438000202178955,39.20906847050668,-0.09049478237630026,-0.07300637888463962,5.069050152466097,4.3437118082447
2011-03-28,4.708000183105469,4.510000228881836,4.539999961853027,4.650000095367432,5290500.0,4.650000095367432,0.024,0.09999990463256836,0.4041384998874622,4.526285784585135,4.702952407655262,1.441999912261963,39.20906847050668,-0.07804074146115525,-0.07401325139994275,5.066361992359753,4.339542822950771
2011-03-29,4.800000190734863,4.642000198364258,4.659999847412109,4.783999919891357,3777000.0,4.783999919891357,0.027,0.13399982452392578,0.3948608104347924,4.553714343479702,4.703238123939151,1.4660000801086426,39.20906847050667,-0.05670450412731132,-0.07055150194541647,5.066904865176463,4.339571382701839
2011-03-30,4.8979997634887695,4.602000236511231,4.822000026702881,4.742000102996826,6116500.0,4.742000102996826,-0.017,-0.04199981689453125,0.38582036347232124,4.581714357648577,4.701047647567022,1.5500001907348633,39.20906847050668,-0.04269228643423606,-0.06497965884318038,5.063120742057449,4.3389745530765955
2011-03-31,5.742000102996826,5.300000190734863,5.309999942779541,5.550000190734863,57589000.0,5.550000190734863,0.045,0.8080000877380371,0.4114986391658007,4.74057149887085,4.736571470896403,1.6500000953674316,39.20906847050668,0.03322831603869236,-0.04533806386680583,5.2540857413022355,4.219057200490571
2011-04-01,5.636000156402588,5.314000129699707,5.489999771118164,5.331999778747559,14324000.0,5.331999778747559,-0.029,-0.2180004119873047,0.41723700472938613,4.86771433694022,4.758476211911156,1.7839999198913574,39.20906847050668,0.07494125301947818,-0.021282200489549034,5.33557635114381,4.1813760726785025
2011-04-04,5.400000095367432,5.046000003814697,5.366000175476074,5.165999889373779,13046500.0,5.165999889373779,-0.037,-0.1659998893737793,0.41387150733170597,4.967714309692383,4.766857169923329,1.7420001029968262,39.20906847050668,0.09352614121085345,0.0016794678505314617,5.3628806917973035,4.170833648049354
2011-04-05,5.400000095367432,5.138000011444092,5.179999828338623,5.340000152587891,15904500.0,5.340000152587891,0.031,0.17400026321411133,0.4177541350225758,5.080571447099958,4.783619085947673,2.5500001907348633,39.20906847050667,0.12090148895381514,0.025523872071188197,5.423917260102765,4.14332091179258
2011-04-06,5.401999950408936,5.159999847412109,5.3979997634887695,5.297999858856201,6441500.0,5.297999858856201,-0.019,-0.04200029373168945,0.4182420531690811,5.173142841884068,4.801047643025716,2.3319997787475586,39.20906847050667,0.13762116544672676,0.04794333074629591,5.47722817348042,4.124867112571012
2011-04-07,5.5879998207092285,5.289999961853027,5.369999885559082,5.447999954223633,14051500.0,5.447999954223633,0.015,0.15000009536743164,0.42554293344179456,5.267999989645822,4.825047651926677,2.1659998893737793,39.20906847050667,0.1611181142901792,0.07057828745507258,5.556090266688177,4.094005037165177
2011-04-08,5.519999980926514,5.271999835968018,5.515999794006348,5.297999858856201,9732000.0,5.297999858856201,-0.04,-0.15000009536743164,0.4237245655893603,5.347428526197161,4.848666690644764,2.3400001525878906,39.20906847050667,0.16572548125456876,0.08960772621497182,5.60808147613259,4.089251905156939
2011-04-11,5.306000232696533,5.004000186920166,5.294000148773193,5.053999900817871,6847000.0,5.053999900817871,-0.045,-0.24399995803833008,0.4148372559425641,5.276571341923305,4.8600952511742,2.297999858856201,39.209068470506665,0.1479822481067501,0.10128263059332748,5.624525913422721,4.095664588925679
2011-04-12,5.041999816894531,4.860000133514404,5.015999794006348,4.929999828338623,6787000.0,4.929999828338623,-0.017,-0.12400007247924805,0.4052992012711933,5.219142777579171,4.873428571791876,2.447999954223633,39.209068470506665,0.12250270355547954,0.1055266451857579,5.632215041904655,4.114642101679096
2011-04-13,5.138000011444092,4.961999893188477,5.026000022888184,4.986000061035156,6057500.0,4.986000061035156,-0.008,0.0560002326965332,0.3961360214993921,5.1934285163879395,4.892285710289364,2.297999858856201,39.209068470506665,0.10561131024972958,0.10554357819855223,5.641105819847121,4.1434656007316075
2011-04-14,5.056000232696533,4.840000152587891,4.973999977111816,5.027999877929688,4917000.0,5.027999877929688,0.011,0.04199981689453214,0.3875167665149704,5.148857048579624,4.914380936395554,2.053999900817871,39.209068470506665,0.09452417769407706,0.10333969809765721,5.6497791300179365,4.178982742773172
2011-04-15,5.236000061035156,5.081999778747559,5.130000114440918,5.116000175476074,4717500.0,5.116000175476074,-0.003,0.08800029754638583,0.3804228389866244,5.122857093811035,4.94076190676008,1.929999828338623,39.209068470506665,0.09178044597817525,0.10102784767376083,5.662692000206086,4.218831813314074
2011-04-18,5.124000072479248,4.872000217437744,5.026000022888184,5.00600004196167,5169500.0,5.00600004196167,-0.004,-0.1100001335144043,0.37187771000101166,5.059714249202183,4.960476194109235,1.9860000610351562,39.209068470506665,0.07980992818846211,0.09678426377670109,5.664802075427641,4.25615031279083
2011-04-19,5.052000045776367,4.929999828338623,5.052000045776367,5.0320000648498535,2743500.0,5.0320000648498535,-0.004,0.026000022888183594,0.3637330087849518,5.021714278629848,4.983619054158528,2.0279998779296884,39.209068470506665,0.07159587843331838,0.09174658670802455,5.662213551018458,4.305024557298599
2011-04-20,5.2179999351501465,5.059999942779541,5.139999866485596,5.150000095367432,4186000.0,5.150000095367432,0.002,0.11800003051757812,0.35775810471256997,5.035428592136928,5.0175238109770275,2.116000175476074,39.209068470506665,0.07375756976692038,0.08814878331980372,5.65128953927855,4.383758082675505
2011-04-21,5.395999908447266,5.118000030517578,5.170000076293945,5.3480000495910645,6930500.0,5.3480000495910645,0.034,0.1979999542236328,0.3588236171383169,5.095142909458706,5.060666674659366,2.00600004196167,39.209068470506665,0.09040552861573747,0.08860013237899048,5.651800219253667,4.469533130065065
2011-04-25,5.3460001945495605,5.193999767303467,5.340000152587891,5.277999877929688,4004500.0,5.277999877929688,-0.012,-0.07000017166137606,0.3561334377276042,5.136857169015067,5.099333331698463,2.0320000648498535,39.209068470506665,0.09683447950588864,0.0902470018043701,5.630257503797291,4.568409159599635
2011-04-26,5.449999809265137,5.26200008392334,5.331999778747559,5.386000156402588,7000000.0,5.386000156402588,0.01,0.1080002784728995,0.3576146883252672,5.188000065939767,5.139142853873117,2.1500000953674316,39.209068470506665,0.10938328683924858,0.0940742588113458,5.620086216868778,4.658199490877456
2011-04-27,5.4720001220703125,5.326000213623047,5.386000156402588,5.415999889373779,4984500.0,5.415999889373779,0.006,0.029999732971191406,0.35962247015291016,5.230857167925153,5.175619034540086,2.3480000495910645,39.209068470506665,0.12036158140480424,0.0993317233300375,5.615159937091487,4.736078131988684
2011-04-28,5.538000106811523,5.343999862670898,5.414000034332275,5.5320000648498535,8000000.0,5.5320000648498535,0.022,0.11600017547607422,0.3669216387761734,5.306000028337751,5.2112380890619185,2.2779998779296884,39.209068470506665,0.13684474263910218,0.10683432719185043,5.63855059179014,4.783925586333697
2011-04-29,5.573999881744385,5.484000205993652,5.538000106811523,5.519999980926514,3630000.0,5.519999980926514,-0.003,-0.012000083923339844,0.37174706484735964,5.375714302062988,5.248285702296665,2.386000156402588,39.209068470506665,0.147242144402699,0.11491589063402016,5.637979544861938,4.858591859731392
2011-05-02,5.559999942779541,5.412000179290772,5.519999980926514,5.489999771118164,3923000.0,5.489999771118164,-0.005,-0.03000020980834961,0.37361726406354523,5.424285684313093,5.245428539457775,2.4159998893737793,39.20906847050667,0.15131710460994796,0.12219613342920572,5.626618539911593,4.864238539003956
2011-05-03,5.478000164031982,5.300000190734863,5.47599983215332,5.374000072479248,4569500.0,5.374000072479248,-0.019,-0.11599969863891602,0.3697930435756369,5.427999973297119,5.2474285534449985,2.5320000648498535,39.20906847050667,0.1435317885890477,0.12646326446117412,5.630959814409813,4.863897292480184
2011-05-04,5.400000095367432,5.150000095367432,5.355999946594238,5.3379998207092285,5222500.0,5.3379998207092285,-0.003,-0.03600025177001953,0.3645851096460879,5.436571393694196,5.255619026365734,2.5199999809265137,39.20906847050667,0.13292467716550238,0.12775554700203978,5.639192984560958,4.87204506817051
2011-05-05,5.48799991607666,5.234000205993652,5.440000057220459,5.288000106811523,6092500.0,5.288000106811523,-0.028,-0.04999971389770508,0.3580311418931136,5.422571386609759,5.253142833709717,2.489999771118164,39.20906847050667,0.11911086993110764,0.12602661158785336,5.635096889796207,4.871188777623226
2011-05-06,5.539999961853027,5.323999881744385,5.380000114440918,5.423999786376953,4908500.0,5.423999786376953,0.008,0.1359996795654297,0.35545596158997533,5.423714229038784,5.259142830258324,2.374000072479248,39.20906847050667,0.1177796749415041,0.12437722425858351,5.647953440001449,4.870332220515199
2011-05-09,5.599999904632568,5.369999885559082,5.400000095367432,5.581999778747559,4582000.0,5.581999778747559,0.034,0.15799999237060547,0.3596737681226898,5.430857045309884,5.265523774283273,2.3379998207092285,39.20906847050668,0.12799848538158898,0.12510147648318462,5.671376703749057,4.859670844817489
2011-05-10,5.789999961853027,5.581999778747559,5.6479997634887695,5.665999889373779,7676500.0,5.665999889373779,0.003,0.0840001106262207,0.36734584197881465,5.451714175088065,5.2830475852603005,2.2880001068115234,39.20906847050667,0.14124686722498225,0.12833055463154414,5.724966279477745,4.841128891042856
2011-05-11,5.659999847412109,5.383999824523926,5.639999866485596,5.414000034332275,4812500.0,5.414000034332275,-0.04,-0.2519998550415039,0.36223778852360317,5.440857069832938,5.300190448760986,2.423999786376953,39.20906847050667,0.12991445012205105,0.1286473337296455,5.732619617646412,4.867761279875561
2011-05-12,5.547999858856201,5.329999923706055,5.414000034332275,5.533999919891357,3140000.0,5.533999919891357,0.022,0.11999988555908203,0.3611837779181654,5.463714190891811,5.328952357882545,2.5819997787475586,39.20906847050667,0.12912790964302,0.12874344891232042,5.737664605830564,4.920240109934526
2011-05-13,5.638000011444092,5.460000038146973,5.599999904632568,5.510000228881836,3307500.0,5.510000228881836,-0.016,-0.023999691009521484,0.3585983648209919,5.488285677773612,5.3539047468276255,2.6659998893737793,39.20906847050668,0.12512562582942355,0.12801988429574104,5.737913993018051,4.9698955006372
2011-05-16,5.5980000495910645,5.309999942779541,5.5980000495910645,5.320000171661377,3778500.0,5.320000171661377,-0.05,-0.19000005722045898,0.3509728001659814,5.492857115609305,5.36780952271961,2.4140000343322754,39.20906847050667,0.10540730060369885,0.12349736755733262,5.722264271255945,5.013354774183275
2011-05-17,5.400000095367432,5.144000053405762,5.400000095367432,5.191999912261963,6171000.0,5.191999912261963,-0.039,-0.12800025939941406,0.34297626250675556,5.459714276450021,5.371428557804653,2.5339999198913574,39.20906847050667,0.07854640059608453,0.114507174165083,5.7165131473927575,5.0263439682165485
2011-05-18,5.294000148773193,5.104000091552734,5.21999979019165,5.269999980926514,3647500.0,5.269999980926514,0.01,0.07800006866455078,0.3352302240573206,5.4151428767613,5.3839999834696455,2.510000228881836,39.209068470506665,0.06282864794118126,0.10417146892030266,5.690218131287182,5.077781835652109
2011-05-19,5.688000202178955,5.320000171661377,5.406000137329102,5.639999866485596,13275500.0,5.639999866485596,0.043,0.36999988555908203,0.33893783642450614,5.411428587777274,5.412952354976109,2.320000171661377,39.20906847050667,0.07931383376394852,0.09919994188903183,5.693265298497109,5.132639411455108
2011-05-20,5.656000137329102,5.46999979019165,5.651999950408936,5.593999862670898,4212500.0,5.593999862670898,-0.01,-0.046000003814697266,0.33921740102410464,5.437142848968506,5.434095201038179,2.191999912261963,39.20906847050667,0.08765620031492904,0.09689119357421129,5.69758092057703,5.170609481499328
2011-05-23,5.52400016784668,5.323999881744385,5.52400016784668,5.363999843597412,4318000.0,5.363999843597412,-0.029,-0.23000001907348633,0.3321304985758972,5.412857123783657,5.434857095990862,2.2699999809265137,39.20906847050667,0.07484573155766938,0.09248210117090291,5.697388014503056,5.172326177478669
2011-05-24,5.5,5.320000171661377,5.40399980545044,5.343999862670898,3068500.0,5.343999862670898,-0.011,-0.019999980926513672,0.32491531268498575,5.389142785753522,5.43799995240711,2.6399998664855957,39.209068470506665,0.06236065662769885,0.08645781226226211,5.694146721813805,5.181853183000415
2011-05-25,5.802000045776367,5.234000205993652,5.380000114440918,5.796000003814697,23465500.0,5.796000003814697,0.077,0.45200014114379883,0.3363095634957867,5.457142761775425,5.457523754664829,2.5939998626708984,39.20906847050667,0.08792523132790908,0.0867512960753915,5.756023717634403,5.1590237916952555
2011-05-26,5.952000141143799,5.619999885559082,5.763999938964844,5.895999908447266,16684500.0,5.895999908447266,0.023,0.09999990463256836,0.352296455359531,5.557714189801898,5.480380898430234,2.363999843597412,39.20906847050667,0.11492965995172089,0.09238696885065739,5.8339560152209815,5.126805781639486
2011-05-27,5.934000015258789,5.763999938964844,5.9079999923706055,5.909999847412109,8435500.0,5.909999847412109,0.0,0.01399993896484375,0.36593824252824986,5.649142742156982,5.498380888076055,2.3439998626708984,39.20906847050667,0.13589404035843522,0.10108838315221295,5.898426067244146,5.098335708907965
2011-05-31,6.056000232696533,5.909999847412109,5.938000202178955,6.027999877929688,16452500.0,6.027999877929688,0.015,0.11800003051757901,0.3852400450930975,5.7045713152204245,5.522571359361921,2.7960000038146973,39.20906847050668,0.16018358253765275,0.11290742302930092,5.984723035588325,5.060419683135517
2011-06-01,6.019999980926514,5.676000118255615,6.0,5.703999996185303,7649500.0,5.703999996185303,-0.049,-0.32399988174438565,0.3825953494440969,5.720285620008196,5.53276184626988,2.8959999084472656,39.20906847050668,0.15154225228207263,0.12063438887985527,6.001290508061535,5.0642331844782245
2011-06-02,5.863999843597412,5.702000141143799,5.703999996185303,5.751999855041504,4931500.0,5.751999855041504,0.008,0.04799985885620117,0.38137970228909446,5.775714193071638,5.550761835915702,2.9099998474121094,39.20906847050668,0.14687405062555037,0.1258823212289943,6.022704956662716,5.078818715168687
2011-06-03,6.300000190734863,5.900000095367432,5.989999771118164,6.026000022888184,31046000.0,6.026000022888184,0.006,0.2740001678466797,0.3946292975417211,5.873142787388393,5.583523750305176,3.0279998779296884,39.20906847050668,0.16340041256760518,0.13338593949671648,6.087844085334529,5.079203415275822
2011-06-06,6.026000022888184,5.651999950408936,6.019999980926514,5.739999771118164,11655500.0,5.739999771118164,-0.047,-0.28600025177001953,0.390796902793925,5.865142754146031,5.605047543843587,2.7039999961853027,39.20906847050668,0.15167146907539486,0.13704304541245216,6.094765171746102,5.1153299159410714
2011-06-07,5.877999782562256,5.651999950408936,5.788000106811523,5.673999786376953,6110500.0,5.673999786376953,-0.02,-0.06599998474121094,0.3846908317215159,5.83342845099313,5.616952305748349,2.751999855041504,39.20906847050668,0.13548872004572754,0.13673218033910722,6.100298290770016,5.133606320726682
2011-06-08,5.71999979019165,5.40399980545044,5.688000202178955,5.423999786376953,8479500.0,5.423999786376953,-0.046,-0.25,0.37592800542175603,5.763999870845249,5.609428496587844,3.0260000228881836,39.20906847050668,0.10132287713022414,0.1296503196973306,6.09992557914408,5.118931414031608
2011-06-09,5.619999885559082,5.420000076293945,5.486000061035156,5.52400016784668,8016000.0,5.52400016784668,0.007,0.10000038146972656,0.3675358048505628,5.691999912261963,5.6026666050865535,2.739999771118164,39.20906847050668,0.08137732832927913,0.11999572142372031,6.093802926313255,5.111530283859852
2011-06-10,5.659999847412109,5.46999979019165,5.504000186920166,5.572000026702881,7833000.0,5.572000026702881,0.012,0.04799985885620117,0.3598266119450431,5.673142773764474,5.610190414247059,2.673999786376953,39.20906847050668,0.06865214546431186,0.10972700623183862,6.0939736368706034,5.126407191623515
2011-06-13,5.776000022888184,5.576000213623047,5.613999843597412,5.685999870300293,8567000.0,5.685999870300293,0.013,0.11399984359741211,0.35455816416377084,5.663714204515729,5.617428507123675,2.423999786376953,39.20906847050668,0.06699391683469447,0.10118038835240979,6.100972284851965,5.133884729395385
2011-06-14,5.940000057220459,5.703999996185303,5.708000183105469,5.71999979019165,7867000.0,5.71999979019165,0.002,0.03399991989135742,0.3501597820173933,5.619999885559082,5.627428486233666,2.5240001678466797,39.20906847050667,0.06764351574202898,0.09447301383033363,6.110326605264322,5.14453036720301
2011-06-15,5.690000057220459,5.414000034332275,5.688000202178955,5.464000225067139,6725000.0,5.464000225067139,-0.039,-0.2559995651245117,0.3421476684543711,5.580571378980364,5.63428563163394,2.572000026702881,39.20906847050667,0.04695997674790586,0.08497040641384808,6.102721788534757,5.165849474733123
2011-06-16,5.599999904632568,5.1479997634887695,5.533999919891357,5.300000190734863,9211000.0,5.300000190734863,-0.042,-0.1640000343322754,0.3366041719982879,5.5271428653172086,5.639428502037411,2.685999870300293,39.20906847050667,0.017137144577878516,0.07140375404665418,6.089481128395932,5.18937587567889
2011-06-17,5.539999961853027,5.228000164031982,5.374000072479248,5.300000190734863,8570000.0,5.300000190734863,-0.014,0.0,0.33101703452963205,5.509428637368338,5.640857083456857,2.7199997901916504,39.20906847050667,-0.006423617316904107,0.055838279773942526,6.086149823353257,5.195564343560457
2011-06-20,5.291999816894531,5.099999904632568,5.257999897003174,5.202000141143799,7689000.0,5.202000141143799,-0.011,-0.09800004959106445,0.32832630414942227,5.463428633553641,5.619999953678676,2.4640002250671387,39.20906847050667,-0.03262736785920417,0.038145150247313186,6.1047447081429995,5.135255199214353
2011-06-21,5.546000003814697,5.199999809265137,5.248000144958496,5.50600004196167,7480000.0,5.50600004196167,0.049,0.3039999008178711,0.32093396111398015,5.454000064304897,5.615809486025856,2.3000001907348633,39.20906847050667,-0.028534845650645124,0.024809151067721524,6.103013467873361,5.12860550417835
2011-06-22,5.650000095367432,5.420000076293945,5.473999977111816,5.441999912261963,7378000.0,5.441999912261963,-0.006,-0.06400012969970703,0.31357966101039847,5.419142927442278,5.619523775009882,2.3000001907348633,39.20906847050667,-0.030108693632511674,0.013825582127674884,6.0998050585837005,5.139242491436064
2011-06-23,5.544000148773193,5.242000102996826,5.440000057220459,5.541999816894531,5850000.0,5.541999816894531,0.019,0.09999990463256836,0.306859704153781,5.393714359828404,5.628952344258626,2.202000141143799,39.209068470506665,-0.023021446027871484,0.00645617649656561,6.094050234661973,5.163854453855279
2011-06-24,5.593999862670898,5.452000141143799,5.527999877929688,5.513999938964844,18042500.0,5.513999938964844,-0.003,-0.0279998779296875,0.2999932605221524,5.400857176099505,5.615523769741967,2.50600004196167,39.209068470506665,-0.019440014992668786,0.0012769381987187307,6.076631677790255,5.154415861693678
2011-06-27,5.656000137329102,5.461999893188477,5.546000003814697,5.492000102996826,9047000.0,5.492000102996826,-0.01,-0.021999835968017578,0.2931478817122398,5.428285734994071,5.596285683768136,2.441999912261963,39.209068470506665,-0.018167484543817558,-0.0026119463497885275,6.041689222864046,5.150882144672226
2011-06-28,5.650000095367432,5.533999919891357,5.558000087738037,5.622000217437744,4446000.0,5.622000217437744,0.012,0.13000011444091797,0.2882651444389971,5.474285738808768,5.582571415674119,2.5419998168945312,39.209068470506665,-0.006593071392948957,-0.0034081713584206137,6.004523194869413,5.160619636478825
2011-06-29,5.817999839782715,5.613999843597412,5.699999809265137,5.6579999923706055,7309000.0,5.6579999923706055,-0.007,0.03599977493286133,0.28429372565589195,5.539428574698312,5.564952373504639,2.5139999389648438,39.209068470506665,0.005422112653151068,-0.0016421145561062774,5.93669971550969,5.193205031499588
2011-06-30,5.866000175476074,5.679999828338623,5.699999809265137,5.826000213623047,4733500.0,5.826000213623047,0.022,0.1680002212524414,0.2870427584522714,5.585142884935651,5.570761907668341,2.492000102996826,39.209068470506665,0.028175654981166254,0.004321439351348229,5.955231256372566,5.186292558964115
2011-07-01,5.920000076293945,5.760000228881836,5.814000129699707,5.803999900817871,4274500.0,5.803999900817871,-0.002,-0.02200031280517578,0.28776253767655036,5.636857169015067,5.5732381003243585,2.622000217437744,39.209068470506665,0.043926403590095475,0.012242432199097679,5.963239999349011,5.183236201299706
2011-07-05,5.90399980545044,5.742000102996826,5.803999900817871,5.828000068664551,4980000.0,5.828000068664551,0.004,0.024000167846679688,0.2889309098554722,5.6777143478393555,5.563809531075614,2.6579999923706055,39.209068470506665,0.0576806912049177,0.021330084000261686,5.91553409715635,5.212084964994878
2011-07-06,5.828000068664551,5.710000038146973,5.828000068664551,5.791999816894531,4634500.0,5.791999816894531,-0.006,-0.03600025177001953,0.28778910832547966,5.717428616115025,5.566285723731632,2.826000213623047,39.209068470506665,0.06492769769977702,0.030049606740164752,5.923902808236221,5.208668639227042
2011-07-07,6.0,5.802000045776367,5.828000068664551,5.946000099182129,6639500.0,5.946000099182129,0.02,0.15400028228759766,0.2940050845396217,5.782285758427212,5.579238119579497,2.803999900817871,39.209068470506665,0.08215055781185754,0.04046979695450331,5.971285955323508,5.187190283835485
2011-07-08,5.978000164031982,5.7179999351501465,5.978000164031982,5.76200008392334,6203000.0,5.76200008392334,-0.036,-0.18400001525878906,0.2904798372237096,5.802285739353725,5.59533337184361,2.828000068664551,39.209068470506665,0.08002999904356223,0.04838183737231509,5.988365259358804,5.202301484328417
2011-07-11,5.705999851226807,5.599999904632568,5.679999828338623,5.670000076293945,4879000.0,5.670000076293945,-0.002,-0.09200000762939453,0.2846427945380247,5.804000037057059,5.602285748436337,2.7919998168945312,39.20906847050667,0.07011753787239883,0.052728977472331844,5.995183182236497,5.209388314636177
2011-07-12,5.817999839782715,5.599999904632568,5.673999786376953,5.633999824523926,5227000.0,5.633999824523926,-0.007,-0.03600025177001953,0.2784157688422082,5.776571410042899,5.605238119761149,2.946000099182129,39.209068470506665,0.058680489373482025,0.05391927985256188,5.998111503611391,5.212364735910908
2011-07-13,5.806000232696533,5.579999923706055,5.685999870300293,5.728000164031982,5330000.0,5.728000164031982,0.007,0.09400033950805664,0.27394896479041775,5.765714304787772,5.607238133748372,2.76200008392334,39.209068470506665,0.05654971789635699,0.05444536746132091,6.00226004116065,5.2122162263360945
2011-07-14,5.791999816894531,5.449999809265137,5.705999851226807,5.521999835968018,5795000.0,5.521999835968018,-0.032,-0.20600032806396484,0.267937339041792,5.721999985831125,5.597809564499628,2.6700000762939453,39.209068470506665,0.03780279421092825,0.051116852811242376,5.990974938520075,5.204644190479182
2011-07-15,5.565999984741211,5.480000019073486,5.558000087738037,5.515999794006348,3545000.0,5.515999794006348,-0.008,-0.006000041961669922,0.26210446251187863,5.6825714111328125,5.600285734449114,2.633999824523926,39.209068470506665,0.022205596589094156,0.04533460156681274,5.990555947532818,5.210015521365411
2011-07-18,5.489999771118164,5.326000213623047,5.4679999351501465,5.446000099182129,4259500.0,5.446000099182129,-0.004,-0.06999969482421875,0.2575246379150963,5.611142839704241,5.607238111041841,2.7280001640319824,39.209068470506665,0.0041484934909785665,0.03709737995164591,5.97984294172495,5.234633280358732
2011-07-19,5.622000217437744,5.507999897003174,5.515999794006348,5.578000068664551,5130500.0,5.578000068664551,0.011,0.13199996948242188,0.2516101824447677,5.5848571232387,5.620476200467064,2.5219998359680176,39.209068470506665,0.00048382631024335154,0.029774669223365396,5.966005167543692,5.274947233390437
2011-07-20,6.0879998207092285,5.559999942779541,5.599999904632568,5.73799991607666,15241500.0,5.73799991607666,0.025,0.15999984741210938,0.24836737631942846,5.594571386064802,5.645999999273391,2.5159997940063477,39.209068470506665,0.01037065522077274,0.025893866422846867,5.9365030789588,5.355496919587982
2011-07-21,5.831999778747559,5.619999885559082,5.7820000648498535,5.739999771118164,5057500.0,5.739999771118164,-0.007,0.0019998550415039062,0.24506286052414858,5.609714235578265,5.657142843518939,2.446000099182129,39.20906847050667,0.018158094738364383,0.02434671208595037,5.943006007657877,5.371279679380001
2011-07-22,5.9079999923706055,5.710000038146973,5.739999771118164,5.857999801635742,2917500.0,5.857999801635742,0.021,0.11800003051757812,0.24625200768368763,5.628285612378802,5.676952362060547,2.578000068664551,39.209068470506665,0.033465543008667886,0.026170478270493874,5.957809985168718,5.3960947389523755
2011-07-25,5.849999904632568,5.688000202178955,5.802000045776367,5.697999954223633,3366500.0,5.697999954223633,-0.018,-0.15999984741210938,0.24152503415007714,5.653428486415318,5.684380940028599,2.73799991607666,39.209068470506665,0.03231366373447919,0.02739911536329094,5.958416330004332,5.410345550052866
2011-07-26,5.754000186920166,5.593999862670898,5.662000179290772,5.599999904632568,3803000.0,5.599999904632568,-0.011,-0.09800004959106445,0.23597229730093802,5.665428502219064,5.688476176488967,2.739999771118164,39.20906847050667,0.023225279563853896,0.02656434820340353,5.954263782750728,5.422688570227206
2011-07-27,5.699999809265137,5.501999855041504,5.699999809265137,5.527999877929688,4792500.0,5.527999877929688,-0.03,-0.07200002670287997,0.231070601095012,5.677142756325858,5.69019045148577,2.857999801635742,39.209068470506665,0.01009648323092538,0.023270775208907902,5.9510748472023876,5.429306055769152
2011-07-28,5.710000038146973,5.507999897003174,5.519999980926514,5.633999824523926,4693500.0,5.633999824523926,0.021,0.1059999465942374,0.225882436544754,5.685142721448626,5.690761861347017,2.697999954223633,39.209068470506665,0.00815116579548203,0.020246853326222728,5.951070893647913,5.430452829046121
2011-07-29,5.679999828338623,5.5,5.559999942779541,5.633999824523926,4741000.0,5.633999824523926,0.013,0.0,0.22080510116621044,5.670285565512521,5.68961899621146,2.5999999046325684,39.209068470506665,0.006534165915343948,0.017504315844046974,5.95074161924422,5.4284963731787
2011-08-01,5.796000003814697,5.642000198364258,5.734000205993652,5.754000186920166,5824500.0,5.754000186920166,0.003,0.12000036239624023,0.21810725001386827,5.672285624912807,5.686190423511324,2.5279998779296884,39.209068470506665,0.014765500719888358,0.01695655281921525,5.94162079180217,5.430760055220477
2011-08-02,5.840000152587891,5.453999996185303,5.73799991607666,5.4679999351501465,7747000.0,5.4679999351501465,-0.047,-0.28600025177001953,0.21514051074346816,5.616571358272007,5.670190425146194,2.633999824523926,39.209068470506665,-0.0017685505085740516,0.01321153215365739,5.936489273282144,5.403891577010243
2011-08-03,5.565999984741211,5.26800012588501,5.5,5.440000057220459,8972500.0,5.440000057220459,-0.011,-0.0279998779296875,0.21295323577428807,5.579714230128697,5.651714234125047,2.633999824523926,39.209068470506665,-0.016936033322888733,0.007182019058348166,5.925754502028659,5.377673966221434
2011-08-04,5.377999782562256,4.934000015258789,5.302000045776367,4.949999809265137,15322500.0,4.949999809265137,-0.066,-0.49000024795532227,0.24850351287355787,5.486857073647635,5.611618995666504,2.754000186920166,39.209068470506665,-0.0677147244436691,-0.007797329642055289,6.015216131533183,5.208021859799825
2011-08-05,5.076000213623047,4.565999984741211,4.998000144958496,4.8480000495910645,9822000.0,4.8480000495910645,-0.03,-0.10199975967407227,0.286027858633357,5.389714241027832,5.55933327901931,2.4679999351501465,39.209068470506665,-0.11486365444741242,-0.029210594603126715,6.05498369884047,5.063682859198151
2011-08-08,4.888000011444092,4.619999885559082,4.619999885559082,4.728000164031982,13042500.0,4.728000164031982,0.023,-0.11999988555908203,0.3269060150255803,5.260285718100412,5.510095187595913,2.440000057220459,39.209068470506665,-0.16006735225052893,-0.05538194613260716,6.1146570826937765,4.905533292498049
2011-08-09,5.090000152587891,4.739999771118164,4.829999923706055,5.01200008392334,6667000.0,5.01200008392334,0.038,0.2839999198913574,0.3353008639038983,5.1714286123003275,5.478761854625883,1.9499998092651367,39.209068470506665,-0.17100396116761551,-0.07850634913960883,6.115846974690611,4.8416767345611555
2011-08-10,5.0879998207092285,4.72599983215332,5.0879998207092285,4.763999938964844,7821000.0,4.763999938964844,-0.064,-0.2480001449584961,0.3601726013571688,5.030000005449567,5.4373332886468795,1.8480000495910645,39.209068470506665,-0.19740725366438472,-0.102286530044564,6.141624446075427,4.733042131218332
2011-08-11,5.150000095367432,4.800000190734863,4.808000087738037,5.059999942779541,4182500.0,5.059999942779541,0.052,0.29600000381469727,0.36098250100247936,4.9717142922537665,5.405523754301525,1.7280001640319824,39.20906847050667,-0.19223140271037398,-0.12027550457772601,6.114998858535195,4.696048650067855
2011-08-12,5.427999973297119,5.072000026702881,5.119999885559082,5.26200008392334,5045500.0,5.26200008392334,0.028,0.20200014114379883,0.3543438952772943,4.946285724639893,5.3931428137279696,2.01200008392334,39.20906847050667,-0.16987160619977448,-0.1301947249021357,6.103155199889807,4.683130427566132
2011-08-15,5.349999904632568,5.185999870300293,5.323999881744385,5.245999813079834,3693000.0,5.245999813079834,-0.015,-0.01600027084350586,0.3480723228440438,4.988571439470563,5.380285671779087,1.7639999389648438,39.20906847050667,-0.1516937632322639,-0.13449453256816135,6.0907325367129515,4.669838806845223
2011-08-16,5.308000087738037,5.165999889373779,5.22599983215332,5.21999979019165,2688500.0,5.21999979019165,-0.001,-0.026000022888183594,0.3424049805483543,5.041714259556362,5.36952375230335,2.059999942779541,39.20906847050667,-0.13779723551680778,-0.13515507315789066,6.082631699280845,4.656415805325856
2011-08-17,5.329999923706055,5.102000236511231,5.277999877929688,5.165999889373779,3218500.0,5.165999889373779,-0.021,-0.053999900817871094,0.3381733929150372,5.104285648890904,5.349904696146647,2.26200008392334,39.20906847050667,-0.12964698810678676,-0.1340534561476699,6.061591601162673,4.6382177911306215
2011-08-18,5.03000020980835,4.693999767303467,5.0,4.852000236511231,5283000.0,4.852000236511231,-0.03,-0.31399965286254794,0.3493237681519799,5.081428527832031,5.307714235214961,2.245999813079834,39.20906847050667,-0.14683241343433195,-0.13660924760500232,6.027769992803577,4.587658477626345
2011-08-19,4.843999862670898,4.400000095367432,4.771999835968018,4.460000038146973,6876500.0,4.460000038146973,-0.065,-0.3920001983642587,0.3910462363591616,5.0379999705723355,5.246761866978237,2.2199997901916504,39.209068470506665,-0.1898941452449776,-0.14726622713299736,6.027291306586395,4.466232427370079
2011-08-22,4.760000228881836,4.335999965667725,4.622000217437744,4.389999866485596,4930500.0,4.389999866485596,-0.05,-0.07000017166137695,0.4298372338987755,4.9422856739589145,5.176857108161563,2.1659998893737793,39.209068470506665,-0.22705199274773147,-0.16322338025594418,5.989745804329662,4.363968411993465
2011-08-23,4.622000217437744,4.300000190734863,4.386000156402588,4.5920000076293945,4345000.0,4.5920000076293945,0.047,0.20200014114379883,0.4444242082395325,4.8465713773454935,5.124190444038028,1.8520002365112314,39.20906847050667,-0.23746280796209085,-0.17807126579717353,5.938580865902463,4.309800022173594
